{"cameraMode":{"drawMode":0,"name":"Shaded","section":"Shading Mode"},"sceneLighting":true,"audioPlay":false,"sceneViewState":{"showFog":true,"showMaterialUpdate":false,"showSkybox":false,"showFlares":true,"showImageEffects":true,"showParticleSystems":true},"in2DMode":false,"pivot":{"x":0.27031421661376955,"y":7.557803153991699,"z":5.424474716186523},"rotation":{"x":-0.051294174045324329,"y":0.9233022332191467,"z":-0.13276022672653199,"w":-0.35673364996910097},"size":20.4416561126709,"orthographic":false}