{"cameraMode":{"drawMode":0,"name":"Shaded","section":"Shading Mode"},"sceneLighting":true,"audioPlay":false,"sceneViewState":{"showFog":true,"showMaterialUpdate":false,"showSkybox":false,"showFlares":true,"showImageEffects":true,"showParticleSystems":true},"in2DMode":false,"pivot":{"x":3.973480224609375,"y":0.661346435546875,"z":6.1873779296875},"rotation":{"x":0.08108513802289963,"y":-0.5726490020751953,"z":0.05705535411834717,"w":0.8137930631637573},"size":2.0720274448394777,"orthographic":false}