{"cameraMode":{"drawMode":0,"name":"Shaded","section":"Shading Mode"},"sceneLighting":false,"audioPlay":false,"sceneViewState":{"showFog":true,"showMaterialUpdate":false,"showSkybox":true,"showFlares":true,"showImageEffects":true,"showParticleSystems":true},"in2DMode":false,"pivot":{"x":-8.909778594970704,"y":-132.7838897705078,"z":-165.49586486816407},"rotation":{"x":0.6960098743438721,"y":-0.000010527437552809715,"z":-0.000004670413090934744,"w":0.7180526852607727},"size":149.5732879638672,"orthographic":false}