{"cameraMode":{"drawMode":0,"name":"Shaded","section":"Shading Mode"},"sceneLighting":false,"audioPlay":false,"sceneViewState":{"showFog":true,"showMaterialUpdate":false,"showSkybox":false,"showFlares":true,"showImageEffects":true,"showParticleSystems":true},"in2DMode":false,"pivot":{"x":28.550338745117189,"y":11.941322326660157,"z":-52.4760856628418},"rotation":{"x":0.22846561670303346,"y":0.5804534554481506,"z":-0.17405222356319428,"w":0.7619784474372864},"size":180.46128845214845,"orthographic":false}