{"cameraMode":{"drawMode":0,"name":"Shaded","section":"Shading Mode"},"sceneLighting":true,"audioPlay":false,"sceneViewState":{"showFog":true,"showMaterialUpdate":false,"showSkybox":true,"showFlares":true,"showImageEffects":true,"showParticleSystems":true},"in2DMode":false,"pivot":{"x":-22.236906051635743,"y":-87.5496597290039,"z":221.98866271972657},"rotation":{"x":-0.06329613924026489,"y":0.6977394819259644,"z":-0.062129292637109759,"w":-0.7108407020568848},"size":490.1446838378906,"orthographic":false}