{"cameraMode":{"drawMode":0,"name":"Shaded","section":"Shading Mode"},"sceneLighting":true,"audioPlay":false,"sceneViewState":{"showFog":true,"showMaterialUpdate":false,"showSkybox":true,"showFlares":true,"showImageEffects":true,"showParticleSystems":true},"in2DMode":false,"pivot":{"x":452.3804016113281,"y":5.14642333984375,"z":439.8655090332031},"rotation":{"x":0.004345459397882223,"y":0.7273978590965271,"z":-0.0045766327530145649,"w":0.6862427592277527},"size":29.377811431884767,"orthographic":false}