{"cameraMode":{"drawMode":0,"name":"Shaded","section":"Shading Mode"},"sceneLighting":true,"audioPlay":false,"sceneViewState":{"showFog":true,"showMaterialUpdate":false,"showSkybox":false,"showFlares":true,"showImageEffects":true,"showParticleSystems":true},"in2DMode":false,"pivot":{"x":4.075582981109619,"y":0.38436049222946169,"z":6.341404438018799},"rotation":{"x":0.13337333500385285,"y":0.02377980761229992,"z":-0.003199373371899128,"w":0.9907792210578919},"size":2.782808542251587,"orthographic":false}