{"cameraMode":{"drawMode":0,"name":"Shaded","section":"Shading Mode"},"sceneLighting":true,"audioPlay":false,"sceneViewState":{"showFog":true,"showMaterialUpdate":false,"showSkybox":false,"showFlares":true,"showImageEffects":true,"showParticleSystems":true},"in2DMode":false,"pivot":{"x":4.154980659484863,"y":-0.4409806430339813,"z":5.589730262756348},"rotation":{"x":0.4783600866794586,"y":0.5215328335762024,"z":-0.4920416474342346,"w":0.5070310831069946},"size":4.282808303833008,"orthographic":false}