{"cameraMode":{"drawMode":0,"name":"Shaded","section":"Shading Mode"},"sceneLighting":false,"audioPlay":false,"sceneViewState":{"showFog":true,"showMaterialUpdate":false,"showSkybox":false,"showFlares":true,"showImageEffects":true,"showParticleSystems":true},"in2DMode":false,"pivot":{"x":1.7299561500549317,"y":2.9793262481689455,"z":5.420931816101074},"rotation":{"x":0.005888193380087614,"y":-0.7349259853363037,"z":-0.006391263101249933,"w":-0.6781063675880432},"size":9.665777206420899,"orthographic":false}