{"cameraMode":{"drawMode":0,"name":"Shaded","section":"Shading Mode"},"sceneLighting":false,"audioPlay":false,"sceneViewState":{"showFog":true,"showMaterialUpdate":false,"showSkybox":false,"showFlares":true,"showImageEffects":true,"showParticleSystems":true},"in2DMode":false,"pivot":{"x":0.0,"y":-0.000003337860107421875,"z":-4.76837158203125e-7},"rotation":{"x":0.006425944156944752,"y":-0.9920541048049927,"z":0.056920092552900317,"w":0.11237982660531998},"size":26.607698440551759,"orthographic":false}