{"cameraMode":{"drawMode":0,"name":"Shaded","section":"Shading Mode"},"sceneLighting":true,"audioPlay":false,"sceneViewState":{"showFog":true,"showMaterialUpdate":false,"showSkybox":true,"showFlares":true,"showImageEffects":true,"showParticleSystems":true},"in2DMode":false,"pivot":{"x":-591.7900390625,"y":9.419958114624024,"z":-723.9380493164063},"rotation":{"x":0.004345459397882223,"y":0.7273978590965271,"z":-0.0045766327530145649,"w":0.6862427592277527},"size":31.025157928466798,"orthographic":false}