{"cameraMode":{"drawMode":0,"name":"Shaded","section":"Shading Mode"},"sceneLighting":true,"audioPlay":false,"sceneViewState":{"showFog":true,"showMaterialUpdate":false,"showSkybox":true,"showFlares":true,"showImageEffects":true,"showParticleSystems":true},"in2DMode":false,"pivot":{"x":-0.12348270416259766,"y":0.8635275363922119,"z":3.8906631469726564},"rotation":{"x":-0.0001293060922762379,"y":-0.9993563890457153,"z":0.0363033153116703,"w":-0.0038888119161128999},"size":32.723106384277347,"orthographic":false}