{"cameraMode":{"drawMode":0,"name":"Shaded","section":"Shading Mode"},"sceneLighting":true,"audioPlay":false,"sceneViewState":{"showFog":true,"showMaterialUpdate":false,"showSkybox":true,"showFlares":true,"showImageEffects":true,"showParticleSystems":true},"in2DMode":false,"pivot":{"x":8.991168975830079,"y":-63.04450607299805,"z":302.0963134765625},"rotation":{"x":0.436286985874176,"y":0.5527105927467346,"z":-0.570589005947113,"w":0.42262333631515505},"size":878.6279907226563,"orthographic":false}