{"cameraMode":{"drawMode":0,"name":"Shaded","section":"Shading Mode"},"sceneLighting":true,"audioPlay":false,"sceneViewState":{"showFog":true,"showMaterialUpdate":false,"showSkybox":false,"showFlares":true,"showImageEffects":true,"showParticleSystems":true},"in2DMode":false,"pivot":{"x":-0.07436119019985199,"y":-0.3709510564804077,"z":-4.001652717590332},"rotation":{"x":-0.0003040254523511976,"y":0.9990805387496948,"z":-0.04229622334241867,"w":-0.007193210069090128},"size":6.579755783081055,"orthographic":false}