{"cameraMode":{"drawMode":0,"name":"Shaded","section":"Shading Mode"},"sceneLighting":true,"audioPlay":false,"sceneViewState":{"showFog":true,"showMaterialUpdate":false,"showSkybox":true,"showFlares":true,"showImageEffects":true,"showParticleSystems":true},"in2DMode":false,"pivot":{"x":-3.09307861328125,"y":15.601951599121094,"z":117.17500305175781},"rotation":{"x":0.07932577282190323,"y":0.6957446932792664,"z":-0.0777585580945015,"w":0.709659993648529},"size":228.43568420410157,"orthographic":false}