{"cameraMode":{"drawMode":0,"name":"Shaded","section":"Shading Mode"},"sceneLighting":true,"audioPlay":false,"sceneViewState":{"showFog":true,"showMaterialUpdate":true,"showSkybox":true,"showFlares":true,"showImageEffects":true,"showParticleSystems":true},"in2DMode":false,"pivot":{"x":1.6355115175247193,"y":2.164600372314453,"z":9.016674041748047},"rotation":{"x":0.00007264523446792737,"y":0.998127818107605,"z":0.0011881793616339565,"w":-0.06116041541099548},"size":2.2536537647247316,"orthographic":false}