{"cameraMode":{"drawMode":0,"name":"Shaded","section":"Shading Mode"},"sceneLighting":false,"audioPlay":false,"sceneViewState":{"showFog":true,"showMaterialUpdate":false,"showSkybox":true,"showFlares":true,"showImageEffects":true,"showParticleSystems":true},"in2DMode":false,"pivot":{"x":1.2373298406600953,"y":0.9907022714614868,"z":-0.09252071380615235},"rotation":{"x":0.000008105383130896371,"y":-0.9999914765357971,"z":-0.002999985823407769,"w":-0.0027038094121962787},"size":2.8578836917877199,"orthographic":false}