{"cameraMode":{"drawMode":0,"name":"Shaded","section":"Shading Mode"},"sceneLighting":false,"audioPlay":false,"sceneViewState":{"showFog":true,"showMaterialUpdate":false,"showSkybox":true,"showFlares":true,"showImageEffects":true,"showParticleSystems":true},"in2DMode":false,"pivot":{"x":1.3475065231323243,"y":-1.5302486419677735,"z":-0.02641010284423828},"rotation":{"x":-0.00015634794544894248,"y":-0.9983808994293213,"z":0.056969646364450458,"w":-0.0026991323102265598},"size":7.599946022033691,"orthographic":false}