{"cameraMode":{"drawMode":0,"name":"Shaded","section":"Shading Mode"},"sceneLighting":false,"audioPlay":false,"sceneViewState":{"showFog":true,"showMaterialUpdate":false,"showSkybox":true,"showFlares":true,"showImageEffects":true,"showParticleSystems":true},"in2DMode":false,"pivot":{"x":0.0,"y":-7.748603820800781e-7,"z":0.0000016689300537109376},"rotation":{"x":-0.10498001426458359,"y":0.8800262212753296,"z":-0.22969168424606324,"w":-0.40221354365348818},"size":26.607698440551759,"orthographic":false}