{"cameraMode":{"drawMode":0,"name":"Shaded","section":"Shading Mode"},"sceneLighting":false,"audioPlay":false,"sceneViewState":{"showFog":true,"showMaterialUpdate":false,"showSkybox":true,"showFlares":true,"showImageEffects":true,"showParticleSystems":true},"in2DMode":false,"pivot":{"x":0.000001430511474609375,"y":2.384185791015625e-7,"z":-0.0000050067901611328128},"rotation":{"x":0.0017453948967158795,"y":-0.9971238970756531,"z":0.07191748917102814,"w":0.024231426417827607},"size":25.73259162902832,"orthographic":false}