{"cameraMode":{"drawMode":0,"name":"Shaded","section":"Shading Mode"},"sceneLighting":false,"audioPlay":false,"sceneViewState":{"showFog":true,"showMaterialUpdate":false,"showSkybox":true,"showFlares":true,"showImageEffects":true,"showParticleSystems":true},"in2DMode":false,"pivot":{"x":-1.3915692567825318,"y":-0.7746384143829346,"z":0.13046646118164063},"rotation":{"x":0.0017453948967158795,"y":-0.9971238970756531,"z":0.07191748917102814,"w":0.024231426417827607},"size":10.746503829956055,"orthographic":false}