{"cameraMode":{"drawMode":0,"name":"Shaded","section":"Shading Mode"},"sceneLighting":false,"audioPlay":false,"sceneViewState":{"showFog":true,"showMaterialUpdate":false,"showSkybox":true,"showFlares":true,"showImageEffects":true,"showParticleSystems":true},"in2DMode":false,"pivot":{"x":-4.76837158203125e-7,"y":-0.000010073184967041016,"z":-0.000008106231689453125},"rotation":{"x":-0.10498001426458359,"y":0.8800262212753296,"z":-0.22969168424606324,"w":-0.40221354365348818},"size":28.261981964111329,"orthographic":false}