{"cameraMode":{"drawMode":0,"name":"Shaded","section":"Shading Mode"},"sceneLighting":false,"audioPlay":false,"sceneViewState":{"showFog":true,"showMaterialUpdate":false,"showSkybox":true,"showFlares":true,"showImageEffects":true,"showParticleSystems":true},"in2DMode":false,"pivot":{"x":0.0,"y":-0.000012516975402832031,"z":-0.02301335334777832},"rotation":{"x":0.0017453948967158795,"y":-0.9971238970756531,"z":0.07191748917102814,"w":0.024231426417827607},"size":9.565988540649414,"orthographic":false}