{"cameraMode":{"drawMode":0,"name":"Shaded","section":"Shading Mode"},"sceneLighting":true,"audioPlay":false,"sceneViewState":{"showFog":true,"showMaterialUpdate":true,"showSkybox":false,"showFlares":true,"showImageEffects":true,"showParticleSystems":true},"in2DMode":false,"pivot":{"x":1.3479499816894532,"y":1.8096344470977784,"z":3.173495292663574},"rotation":{"x":0.039187412708997729,"y":0.8860678672790527,"z":-0.07622262090444565,"w":0.45560264587402346},"size":7.021306991577148,"orthographic":false}