{"cameraMode":{"drawMode":0,"name":"Shaded","section":"Shading Mode"},"sceneLighting":true,"audioPlay":false,"sceneViewState":{"showFog":true,"showMaterialUpdate":false,"showSkybox":false,"showFlares":true,"showImageEffects":true,"showParticleSystems":true},"in2DMode":false,"pivot":{"x":3.973480224609375,"y":0.661346435546875,"z":6.1873779296875},"rotation":{"x":0.003377486253157258,"y":0.7106882929801941,"z":-0.7034928798675537,"w":0.0034116783645004036},"size":1.8299036026000977,"orthographic":false}