{"cameraMode":{"drawMode":0,"name":"Shaded","section":"Shading Mode"},"sceneLighting":true,"audioPlay":false,"sceneViewState":{"showFog":true,"showMaterialUpdate":true,"showSkybox":true,"showFlares":true,"showImageEffects":true,"showParticleSystems":true},"in2DMode":false,"pivot":{"x":23.93910026550293,"y":-286.34735107421877,"z":-39.476768493652347},"rotation":{"x":0.6135855317115784,"y":0.12591469287872315,"z":-0.0998084545135498,"w":0.7731714248657227},"size":310.2480163574219,"orthographic":false}