{"cameraMode":{"drawMode":0,"name":"Shaded","section":"Shading Mode"},"sceneLighting":true,"audioPlay":false,"sceneViewState":{"showFog":true,"showMaterialUpdate":true,"showSkybox":false,"showFlares":true,"showImageEffects":true,"showParticleSystems":true},"in2DMode":false,"pivot":{"x":0.012323781847953797,"y":-0.15383997559547425,"z":-0.9717080593109131},"rotation":{"x":0.0007612011395394802,"y":-0.9988369941711426,"z":0.04528839886188507,"w":0.01677340269088745},"size":4.130926132202148,"orthographic":false}