{"cameraMode":{"drawMode":0,"name":"Shaded","section":"Shading Mode"},"sceneLighting":true,"audioPlay":false,"sceneViewState":{"showFog":true,"showMaterialUpdate":true,"showSkybox":false,"showFlares":true,"showImageEffects":true,"showParticleSystems":true},"in2DMode":false,"pivot":{"x":1.595001220703125,"y":0.661346435546875,"z":6.187378883361816},"rotation":{"x":0.01529780961573124,"y":0.7422498464584351,"z":-0.016916127875447274,"w":0.6697746515274048},"size":3.3281447887420656,"orthographic":false}