{"cameraMode":{"drawMode":0,"name":"Shaded","section":"Shading Mode"},"sceneLighting":true,"audioPlay":false,"sceneViewState":{"showFog":true,"showMaterialUpdate":false,"showSkybox":false,"showFlares":true,"showImageEffects":true,"showParticleSystems":true},"in2DMode":false,"pivot":{"x":-0.12157126516103745,"y":-1.7691564559936524,"z":-0.18158666789531709},"rotation":{"x":0.004351370502263308,"y":0.7232303619384766,"z":-0.6905827522277832,"w":0.004556898958981037},"size":4.478115081787109,"orthographic":false}