{"cameraMode":{"drawMode":0,"name":"Shaded","section":"Shading Mode"},"sceneLighting":true,"audioPlay":false,"sceneViewState":{"showFog":true,"showMaterialUpdate":true,"showSkybox":true,"showFlares":true,"showImageEffects":true,"showParticleSystems":true},"in2DMode":false,"pivot":{"x":-1647.146728515625,"y":2643.333251953125,"z":1996.5244140625},"rotation":{"x":-0.08356032520532608,"y":0.02775559015572071,"z":0.0024711452424526216,"w":0.9961570501327515},"size":11340.724609375,"orthographic":false}