{"cameraMode":{"drawMode":0,"name":"Shaded","section":"Shading Mode"},"sceneLighting":false,"audioPlay":false,"sceneViewState":{"showFog":true,"showMaterialUpdate":false,"showSkybox":false,"showFlares":true,"showImageEffects":true,"showParticleSystems":true},"in2DMode":false,"pivot":{"x":12.996343612670899,"y":-15.376007080078125,"z":57.97014236450195},"rotation":{"x":0.45368143916130068,"y":0.538764476776123,"z":-0.4368487000465393,"w":0.5595307350158691},"size":88.8796615600586,"orthographic":false}