{"cameraMode":{"drawMode":0,"name":"Shaded","section":"Shading Mode"},"sceneLighting":true,"audioPlay":false,"sceneViewState":{"showFog":true,"showMaterialUpdate":false,"showSkybox":true,"showFlares":true,"showImageEffects":true,"showParticleSystems":true},"in2DMode":false,"pivot":{"x":41.347721099853519,"y":20.73786163330078,"z":-17.37946319580078},"rotation":{"x":0.0019006519578397275,"y":0.9788556694984436,"z":-0.20435136556625367,"w":0.009105006232857705},"size":96.21072387695313,"orthographic":false}