{"cameraMode":{"drawMode":0,"name":"Shaded","section":"Shading Mode"},"sceneLighting":false,"audioPlay":false,"sceneViewState":{"showFog":true,"showMaterialUpdate":false,"showSkybox":false,"showFlares":true,"showImageEffects":true,"showParticleSystems":true},"in2DMode":false,"pivot":{"x":103.6500015258789,"y":0.0,"z":127.16000366210938},"rotation":{"x":0.07195688039064408,"y":0.9111027121543884,"z":-0.36370372772216799,"w":0.18023204803466798},"size":40.010372161865237,"orthographic":false}