{"cameraMode":{"drawMode":0,"name":"Shaded","section":"Shading Mode"},"sceneLighting":false,"audioPlay":false,"sceneViewState":{"showFog":true,"showMaterialUpdate":false,"showSkybox":false,"showFlares":true,"showImageEffects":true,"showParticleSystems":true},"in2DMode":false,"pivot":{"x":-88.81732177734375,"y":159.38011169433595,"z":332.90411376953127},"rotation":{"x":0.03787032514810562,"y":0.9561404585838318,"z":-0.25262412428855898,"w":0.14333392679691316},"size":7.321296215057373,"orthographic":false}