{"cameraMode":{"drawMode":0,"name":"Shaded","section":"Shading Mode"},"sceneLighting":false,"audioPlay":false,"sceneViewState":{"showFog":true,"showMaterialUpdate":false,"showSkybox":false,"showFlares":true,"showImageEffects":true,"showParticleSystems":true},"in2DMode":false,"pivot":{"x":7.2351579666137699,"y":6.978832244873047,"z":88.44430541992188},"rotation":{"x":0.004851038567721844,"y":0.9866465330123901,"z":-0.1600443720817566,"w":0.029905488714575769},"size":41.51566696166992,"orthographic":false}