{"cameraMode":{"drawMode":0,"name":"Shaded","section":"Shading Mode"},"sceneLighting":true,"audioPlay":false,"sceneViewState":{"showFog":true,"showMaterialUpdate":false,"showSkybox":true,"showFlares":true,"showImageEffects":true,"showParticleSystems":true},"in2DMode":false,"pivot":{"x":6.882968902587891,"y":1.6133408546447755,"z":-7.168058395385742},"rotation":{"x":-0.040508072823286059,"y":0.9590154886245728,"z":-0.18226034939289094,"w":-0.21314482390880586},"size":10.0,"orthographic":false}