{"cameraMode":{"drawMode":0,"name":"Shaded","section":"Shading Mode"},"sceneLighting":true,"audioPlay":false,"sceneViewState":{"showFog":true,"showMaterialUpdate":false,"showSkybox":true,"showFlares":true,"showImageEffects":true,"showParticleSystems":true},"in2DMode":false,"pivot":{"x":376.90460205078127,"y":-12.84222412109375,"z":517.5966796875},"rotation":{"x":-0.6906330585479736,"y":0.0017105212900787593,"z":-0.0016999151557683945,"w":-0.7232804298400879},"size":626.4406127929688,"orthographic":false}