{"cameraMode":{"drawMode":0,"name":"Shaded","section":"Shading Mode"},"sceneLighting":true,"audioPlay":false,"sceneViewState":{"showFog":true,"showMaterialUpdate":false,"showSkybox":true,"showFlares":true,"showImageEffects":true,"showParticleSystems":true},"in2DMode":false,"pivot":{"x":447.9971618652344,"y":17.47929573059082,"z":362.8658142089844},"rotation":{"x":0.02854233980178833,"y":0.4018389880657196,"z":0.012563442811369896,"w":-0.9152035117149353},"size":25.00368881225586,"orthographic":false}