{"cameraMode":{"drawMode":0,"name":"Shaded","section":"Shading Mode"},"sceneLighting":true,"audioPlay":false,"sceneViewState":{"showFog":true,"showMaterialUpdate":false,"showSkybox":true,"showFlares":true,"showImageEffects":true,"showParticleSystems":true},"in2DMode":false,"pivot":{"x":-54.67399215698242,"y":7.2872114181518559,"z":62.849090576171878},"rotation":{"x":0.06693993508815766,"y":-0.5864741206169128,"z":0.04860107600688934,"w":0.8058148622512817},"size":21.707077026367189,"orthographic":false}