{"cameraMode":{"drawMode":0,"name":"Shaded","section":"Shading Mode"},"sceneLighting":true,"audioPlay":false,"sceneViewState":{"showFog":false,"showMaterialUpdate":false,"showSkybox":false,"showFlares":false,"showImageEffects":false,"showParticleSystems":false},"in2DMode":false,"pivot":{"x":0.7434989809989929,"y":-0.01944783143699169,"z":-4.090097427368164},"rotation":{"x":-0.052779652178287509,"y":0.0155753493309021,"z":-0.0008218710427172482,"w":-0.9984963536262512},"size":0.20794063806533814,"orthographic":false}