{"cameraMode":{"drawMode":0,"name":"Shaded","section":"Shading Mode"},"sceneLighting":false,"audioPlay":false,"sceneViewState":{"showFog":true,"showMaterialUpdate":false,"showSkybox":false,"showFlares":true,"showImageEffects":true,"showParticleSystems":true},"in2DMode":false,"pivot":{"x":0.0,"y":3.5762786865234377e-7,"z":-4.76837158203125e-7},"rotation":{"x":0.002249498385936022,"y":0.9958612322807312,"z":-0.08716990798711777,"w":0.025700341910123826},"size":29.2545223236084,"orthographic":false}